strata,MH_common_OR,p_value
sex,1.0121545724320167,0.9266893670161355
age_grp,1.4386644806063906,7.115739357460315e-5
