term,estimate,std.error,statistic,p.value,RR,LCL,UCL,measure
(Intercept),-3.0784157402910663,0.10965349628551344,-28.07403178714478,2.0333598771844643e-173,0.04603212575415841,0.03712975560306766,0.05706896172706253,Adj Poisson robust (RR approx)
smokeYes,0.33757043730619385,0.07071304107001702,4.773807379772369,1.807752918039751e-6,1.4015383254994245,1.2201488711201285,1.6098934518051418,Adj Poisson robust (RR approx)
"age_grp[45,60)",0.8640842886814191,0.1125741631250037,7.675689205185825,1.6453160453276795e-14,2.372832261472237,1.9030139692937575,2.958639837611369,Adj Poisson robust (RR approx)
"age_grp[60,+)",1.285423271101802,0.12319935799684588,10.4336848178601,1.7400660116596873e-25,3.616198265551148,2.8404217067099817,4.603855077182148,Adj Poisson robust (RR approx)
diabYes,0.6158794645325489,0.13422923472852635,4.588266228129381,4.469424288067384e-6,1.8512840224604994,1.423032509314242,2.408414782786035,Adj Poisson robust (RR approx)
hypYes,0.5842572296734446,0.0736472488251933,7.933184728464446,2.1359634951870415e-15,1.7936582146319857,1.552565341676271,2.0721896235576476,Adj Poisson robust (RR approx)
