Stratum,RR,95% LCL,95% UCL
"[0,45)",2.0855304788019406,1.307163038744454,3.32738705815117
"[45,60)",1.330861774433904,1.101531263236466,1.6079371705214478
"[60,+)",1.120906615645007,0.8699308020177806,1.4442891757395928
