Stratum,RR,95% LCL,95% UCL
Female,0.8214263144590495,0.6587860946749791,1.0242189316680552
Male,1.2151898734177216,0.9934805183786695,1.4863768349145752
