metric,value
RERI,0.05982455096714821
AP,0.2953837204002943
S,8.009167115958068
